sample_index,scene_id,mode,collision_probability,ego_step_mean,ego_step_max,ego_endpoint_disp,adv_step_mean,adv_step_max,adv_endpoint_disp
0,/mnt/e/Project/datasets/trajectories/case3_filtered_top10/data.hdf5:scene-0707_ego_0_ctrl_[3]_0,real,,0.8114668130874634,1.0667719841003418,40.828338623046875,1.275180697441101,1.516690969467163,63.51826095581055
0,/mnt/e/Project/datasets/trajectories/case3_filtered_top10/data.hdf5:scene-0707_ego_0_ctrl_[3]_0,unguided,0.1689196676015854,2.1086275577545166,2.855431079864502,103.0580825805664,1.4503666162490845,2.155836582183838,71.35259246826172
0,/mnt/e/Project/datasets/trajectories/case3_filtered_top10/data.hdf5:scene-0707_ego_0_ctrl_[3]_0,collision,0.17452020943164825,1.9716734886169434,2.6993818283081055,96.26805114746094,1.5656311511993408,2.2376458644866943,77.04500579833984
0,/mnt/e/Project/datasets/trajectories/case3_filtered_top10/data.hdf5:scene-0707_ego_0_ctrl_[3]_0,no_collision,0.16797855496406555,2.15789532661438,2.9157934188842773,105.48985290527344,1.4120718240737915,2.1332027912139893,69.45598602294922
1,/mnt/e/Project/datasets/trajectories/case3_StrivePolicy_trajdata/data.hdf5:scene-0989_ego_0_ctrl_[2]_0,real,,1.0419225692749023,1.0667259693145752,48.967071533203125,0.09547673165798187,0.5729171633720398,4.612658500671387
1,/mnt/e/Project/datasets/trajectories/case3_StrivePolicy_trajdata/data.hdf5:scene-0989_ego_0_ctrl_[2]_0,unguided,0.07678638398647308,1.1411960124969482,1.982787847518921,55.33122253417969,0.8416999578475952,2.0651018619537354,39.73381042480469
1,/mnt/e/Project/datasets/trajectories/case3_StrivePolicy_trajdata/data.hdf5:scene-0989_ego_0_ctrl_[2]_0,collision,0.07845316082239151,1.0924080610275269,1.8141484260559082,52.992393493652344,0.8156875371932983,1.939335584640503,38.50023651123047
1,/mnt/e/Project/datasets/trajectories/case3_StrivePolicy_trajdata/data.hdf5:scene-0989_ego_0_ctrl_[2]_0,no_collision,0.07603513449430466,1.1646292209625244,2.067049264907837,56.449737548828125,0.8547462821006775,2.1287269592285156,40.35356903076172
2,/mnt/e/Project/datasets/trajectories/case4_p9_StrivePolicy_trajdata/data.hdf5:scene-0911_ego_0_ctrl_[21]_0,real,,1.042110562324524,1.066778540611267,52.13009262084961,0.03536037355661392,0.0354403555393219,1.7680219411849976
2,/mnt/e/Project/datasets/trajectories/case4_p9_StrivePolicy_trajdata/data.hdf5:scene-0911_ego_0_ctrl_[21]_0,unguided,0.1635936200618744,2.016014814376831,2.5713350772857666,99.42472076416016,0.3603920042514801,0.8342508673667908,15.010528564453125
2,/mnt/e/Project/datasets/trajectories/case4_p9_StrivePolicy_trajdata/data.hdf5:scene-0911_ego_0_ctrl_[21]_0,collision,0.17268653213977814,1.8786697387695312,2.3321213722229004,92.56659698486328,0.3712632954120636,0.8282955288887024,15.878504753112793
2,/mnt/e/Project/datasets/trajectories/case4_p9_StrivePolicy_trajdata/data.hdf5:scene-0911_ego_0_ctrl_[21]_0,no_collision,0.1606350988149643,2.083584785461426,2.6932735443115234,102.77214050292969,0.356516033411026,0.8776764869689941,14.619709014892578
3,/mnt/e/Project/datasets/trajectories/case2_StrivePolicy_trajdata/data.hdf5:scene-0969_ego_0_ctrl_[7]_0,real,,0.0,0.0,0.0,0.388826847076416,0.7999183535575867,19.18685531616211
3,/mnt/e/Project/datasets/trajectories/case2_StrivePolicy_trajdata/data.hdf5:scene-0969_ego_0_ctrl_[7]_0,unguided,0.1336490362882614,0.6929415464401245,4.328376770019531,29.01938247680664,0.6991485953330994,1.5363677740097046,32.97617721557617
3,/mnt/e/Project/datasets/trajectories/case2_StrivePolicy_trajdata/data.hdf5:scene-0969_ego_0_ctrl_[7]_0,collision,0.22109565138816833,0.6578064560890198,4.420515537261963,26.21082305908203,0.700700581073761,1.1129539012908936,33.65890121459961
3,/mnt/e/Project/datasets/trajectories/case2_StrivePolicy_trajdata/data.hdf5:scene-0969_ego_0_ctrl_[7]_0,no_collision,0.12624041736125946,1.0167925357818604,6.779224395751953,44.60779571533203,0.6013175249099731,2.5605392456054688,26.329362869262695
4,/mnt/e/Project/datasets/trajectories/case5_StrivePolicy_trajdata/data-002.hdf5:scene-0805_ego_0_ctrl_[16]_0,real,,0.7977580428123474,1.0668450593948364,39.941307067871094,0.8334487676620483,0.833518385887146,41.67243194580078
4,/mnt/e/Project/datasets/trajectories/case5_StrivePolicy_trajdata/data-002.hdf5:scene-0805_ego_0_ctrl_[16]_0,unguided,0.13253049552440643,0.6959037184715271,0.9562248587608337,33.7642822265625,0.8741402626037598,1.4976720809936523,43.1646614074707
4,/mnt/e/Project/datasets/trajectories/case5_StrivePolicy_trajdata/data-002.hdf5:scene-0805_ego_0_ctrl_[16]_0,collision,0.13309700787067413,0.6773231029510498,0.9353061318397522,32.851871490478516,0.8590835332870483,1.464247226715088,42.43027114868164
4,/mnt/e/Project/datasets/trajectories/case5_StrivePolicy_trajdata/data-002.hdf5:scene-0805_ego_0_ctrl_[16]_0,no_collision,0.1322433352470398,0.7053217887878418,0.9668734669685364,34.22618865966797,0.8817455768585205,1.514632225036621,43.53569412231445
5,/mnt/e/Project/datasets/trajectories/case2_StrivePolicy_trajdata/data.hdf5:scene-0805_ego_0_ctrl_[6]_0,real,,0.9839714765548706,1.06679105758667,49.17519760131836,0.15732553601264954,0.6809056997299194,8.409906387329102
5,/mnt/e/Project/datasets/trajectories/case2_StrivePolicy_trajdata/data.hdf5:scene-0805_ego_0_ctrl_[6]_0,unguided,0.1771470159292221,1.954983115196228,7.4953932762146,82.63278198242188,0.8256657719612122,5.1163411140441895,32.379085540771484
5,/mnt/e/Project/datasets/trajectories/case2_StrivePolicy_trajdata/data.hdf5:scene-0805_ego_0_ctrl_[6]_0,collision,0.18014299869537354,1.9125133752822876,7.229472637176514,79.68338775634766,0.8319676518440247,4.948034286499023,33.12726593017578
5,/mnt/e/Project/datasets/trajectories/case2_StrivePolicy_trajdata/data.hdf5:scene-0805_ego_0_ctrl_[6]_0,no_collision,0.17551815509796143,1.9736552238464355,7.6118927001953125,83.91556549072266,0.8237858414649963,5.188662052154541,32.085182189941406
6,/mnt/e/Project/datasets/trajectories/case5_StrivePolicy_trajdata/data-002.hdf5:scene-0870_ego_0_ctrl_[15]_0,real,,1.0419989824295044,1.066866159439087,51.77008819580078,0.0009625337552279234,0.0012976252473890781,0.04829111322760582
6,/mnt/e/Project/datasets/trajectories/case5_StrivePolicy_trajdata/data-002.hdf5:scene-0870_ego_0_ctrl_[15]_0,unguided,0.07794829457998276,1.3109890222549438,2.0900278091430664,64.33548736572266,0.24440966546535492,2.3588004112243652,6.898392200469971
6,/mnt/e/Project/datasets/trajectories/case5_StrivePolicy_trajdata/data-002.hdf5:scene-0870_ego_0_ctrl_[15]_0,collision,0.07805834710597992,1.2436573505401611,1.9704194068908691,60.88288879394531,0.2623121440410614,2.51358699798584,8.275389671325684
6,/mnt/e/Project/datasets/trajectories/case5_StrivePolicy_trajdata/data-002.hdf5:scene-0870_ego_0_ctrl_[15]_0,no_collision,0.07793185114860535,1.3404978513717651,2.145843505859375,65.83528900146484,0.23746706545352936,2.2968225479125977,6.321386814117432
7,/mnt/e/Project/datasets/trajectories/case2_p4_StrivePolicy_trajdata/data.hdf5:scene-0953_ego_0_ctrl_[2]_0,real,,0.9054153561592102,1.0667486190795898,45.4320068359375,1.2989407777786255,1.2989431619644165,64.94703674316406
7,/mnt/e/Project/datasets/trajectories/case2_p4_StrivePolicy_trajdata/data.hdf5:scene-0953_ego_0_ctrl_[2]_0,unguided,0.14920130372047424,1.8109384775161743,3.050774097442627,89.19551086425781,1.8750147819519043,3.1990597248077393,93.09319305419922
7,/mnt/e/Project/datasets/trajectories/case2_p4_StrivePolicy_trajdata/data.hdf5:scene-0953_ego_0_ctrl_[2]_0,collision,0.18935830891132355,1.4320859909057617,2.6096127033233643,70.21015167236328,2.0959248542785645,3.486785411834717,104.09772491455078
7,/mnt/e/Project/datasets/trajectories/case2_p4_StrivePolicy_trajdata/data.hdf5:scene-0953_ego_0_ctrl_[2]_0,no_collision,0.14674313366413116,1.8958146572113037,3.1652140617370605,93.4725112915039,1.8153682947158813,3.1433117389678955,90.10186767578125
8,/mnt/e/Project/datasets/trajectories/case3_StrivePolicy_trajdata/data.hdf5:scene-0032_ego_0_ctrl_[2]_0,real,,1.0421136617660522,1.0667555332183838,51.606056213378906,0.37173184752464294,0.6903561353683472,18.395265579223633
8,/mnt/e/Project/datasets/trajectories/case3_StrivePolicy_trajdata/data.hdf5:scene-0032_ego_0_ctrl_[2]_0,unguided,0.09380927681922913,1.1807081699371338,2.2131927013397217,56.885223388671875,0.29926565289497375,1.05850350856781,13.843236923217773
8,/mnt/e/Project/datasets/trajectories/case3_StrivePolicy_trajdata/data.hdf5:scene-0032_ego_0_ctrl_[2]_0,collision,0.09413111209869385,1.1351678371429443,2.1106605529785156,54.5494499206543,0.27367711067199707,0.928085446357727,12.597843170166016
8,/mnt/e/Project/datasets/trajectories/case3_StrivePolicy_trajdata/data.hdf5:scene-0032_ego_0_ctrl_[2]_0,no_collision,0.09367850422859192,1.2024319171905518,2.265200138092041,57.999656677246094,0.3118986487388611,1.1242300271987915,14.455615043640137
9,/mnt/e/Project/datasets/trajectories/case5_StrivePolicy_trajdata/data-001.hdf5:scene-0287_ego_0_ctrl_[12]_0,real,,0.9323335886001587,1.06675124168396,46.75083923339844,0.005776707548648119,0.007958010770380497,0.29083549976348877
9,/mnt/e/Project/datasets/trajectories/case5_StrivePolicy_trajdata/data-001.hdf5:scene-0287_ego_0_ctrl_[12]_0,unguided,0.22702732682228088,1.6745344400405884,2.1890151500701904,82.6612777709961,0.36187848448753357,0.9374600052833557,17.217798233032227
9,/mnt/e/Project/datasets/trajectories/case5_StrivePolicy_trajdata/data-001.hdf5:scene-0287_ego_0_ctrl_[12]_0,collision,0.23370955884456635,1.6416665315628052,2.1470205783843994,81.0473403930664,0.37332549691200256,0.9605176448822021,17.851543426513672
9,/mnt/e/Project/datasets/trajectories/case5_StrivePolicy_trajdata/data-001.hdf5:scene-0287_ego_0_ctrl_[12]_0,no_collision,0.2240006923675537,1.6912739276885986,2.2106330394744873,83.48226928710938,0.35648244619369507,0.9262239336967468,16.912424087524414
10,/mnt/e/Project/datasets/trajectories/case5_StrivePolicy_trajdata/data-001.hdf5:scene-0980_ego_0_ctrl_[2]_0,real,,1.0367130041122437,1.0668156147003174,51.863590240478516,0.004560892004519701,0.007585628889501095,0.23113669455051422
10,/mnt/e/Project/datasets/trajectories/case5_StrivePolicy_trajdata/data-001.hdf5:scene-0980_ego_0_ctrl_[2]_0,unguided,0.09026123583316803,1.40458083152771,2.282395839691162,68.53557586669922,0.34652063250541687,1.4474588632583618,15.911076545715332
10,/mnt/e/Project/datasets/trajectories/case5_StrivePolicy_trajdata/data-001.hdf5:scene-0980_ego_0_ctrl_[2]_0,collision,0.09031309187412262,1.39747154712677,2.273179292678833,68.1891860961914,0.34839895367622375,1.4461300373077393,16.00567626953125
10,/mnt/e/Project/datasets/trajectories/case5_StrivePolicy_trajdata/data-001.hdf5:scene-0980_ego_0_ctrl_[2]_0,no_collision,0.09023391455411911,1.4080190658569336,2.2871921062469482,68.7025375366211,0.34563663601875305,1.4489078521728516,15.8663330078125
11,/mnt/e/Project/datasets/trajectories/case1_p4_StrivePolicy_trajdata/data.hdf5:scene-0997_ego_0_ctrl_[1]_0,real,,1.0413727760314941,1.0668749809265137,50.926719665527344,0.10265174508094788,0.44315290451049805,5.379484176635742
11,/mnt/e/Project/datasets/trajectories/case1_p4_StrivePolicy_trajdata/data.hdf5:scene-0997_ego_0_ctrl_[1]_0,unguided,0.10876952856779099,1.3213979005813599,1.7299456596374512,62.99336624145508,0.3222424387931824,1.1830487251281738,14.651102066040039
11,/mnt/e/Project/datasets/trajectories/case1_p4_StrivePolicy_trajdata/data.hdf5:scene-0997_ego_0_ctrl_[1]_0,collision,0.1088407039642334,1.3117529153823853,1.7124205827713013,62.487159729003906,0.32117533683776855,1.1837660074234009,14.60357666015625
11,/mnt/e/Project/datasets/trajectories/case1_p4_StrivePolicy_trajdata/data.hdf5:scene-0997_ego_0_ctrl_[1]_0,no_collision,0.10873234272003174,1.3259801864624023,1.737120270729065,63.23161315917969,0.3227466940879822,1.1834831237792969,14.672715187072754
12,/mnt/e/Project/datasets/trajectories/case1_StrivePolicy_trajdata/data.hdf5:scene-0052_ego_0_ctrl_[1]_0,real,,0.0,0.0,0.0,0.019963329657912254,0.03491344302892685,1.0019820928573608
12,/mnt/e/Project/datasets/trajectories/case1_StrivePolicy_trajdata/data.hdf5:scene-0052_ego_0_ctrl_[1]_0,unguided,0.6607471108436584,0.14010679721832275,0.34698420763015747,2.525697708129883,0.22102299332618713,0.5313997268676758,9.542248725891113
12,/mnt/e/Project/datasets/trajectories/case1_StrivePolicy_trajdata/data.hdf5:scene-0052_ego_0_ctrl_[1]_0,collision,0.6428452134132385,0.21006473898887634,0.42223647236824036,7.859934329986572,0.18534336984157562,0.39354199171066284,7.911418437957764
12,/mnt/e/Project/datasets/trajectories/case1_StrivePolicy_trajdata/data.hdf5:scene-0052_ego_0_ctrl_[1]_0,no_collision,0.13406653702259064,0.32083648443222046,0.753516435623169,13.652965545654297,0.3241654336452484,0.9867525100708008,14.639444351196289
13,/mnt/e/Project/datasets/trajectories/case3_filtered_top10/data.hdf5:scene-0810_ego_0_ctrl_[2]_0,real,,0.8006653189659119,1.0667492151260376,39.266841888427734,0.6682381629943848,0.8218762874603271,30.940021514892578
13,/mnt/e/Project/datasets/trajectories/case3_filtered_top10/data.hdf5:scene-0810_ego_0_ctrl_[2]_0,unguided,0.4520053267478943,0.6198329925537109,1.0857627391815186,27.855634689331055,0.9961380958557129,1.8290314674377441,48.73671340942383
13,/mnt/e/Project/datasets/trajectories/case3_filtered_top10/data.hdf5:scene-0810_ego_0_ctrl_[2]_0,collision,0.5607439875602722,0.7083673477172852,1.1698861122131348,32.63828659057617,0.9445053339004517,1.7875083684921265,46.17811965942383
13,/mnt/e/Project/datasets/trajectories/case3_filtered_top10/data.hdf5:scene-0810_ego_0_ctrl_[2]_0,no_collision,0.4318879544734955,0.5859614610671997,1.0529357194900513,25.981412887573242,1.019723892211914,1.846238374710083,49.897117614746094
14,/mnt/e/Project/datasets/trajectories/case3_p7_StrivePolicy_trajdata/data.hdf5:scene-0134_ego_0_ctrl_[4]_0,real,,1.0157865285873413,1.0667181015014648,44.335960388183594,0.3258657157421112,0.4969107210636139,16.072025299072266
14,/mnt/e/Project/datasets/trajectories/case3_p7_StrivePolicy_trajdata/data.hdf5:scene-0134_ego_0_ctrl_[4]_0,unguided,0.12226737290620804,0.6723315119743347,1.976147174835205,32.796600341796875,0.4349839389324188,1.8004734516143799,20.967369079589844
14,/mnt/e/Project/datasets/trajectories/case3_p7_StrivePolicy_trajdata/data.hdf5:scene-0134_ego_0_ctrl_[4]_0,collision,0.24566613137722015,0.5484272837638855,1.9508123397827148,21.9019775390625,0.5653518438339233,2.0322213172912598,27.442729949951172
14,/mnt/e/Project/datasets/trajectories/case3_p7_StrivePolicy_trajdata/data.hdf5:scene-0134_ego_0_ctrl_[4]_0,no_collision,0.11425692588090897,0.7344189882278442,1.9751728773117065,36.13661193847656,0.40755918622016907,1.7465449571609497,19.522056579589844
15,/mnt/e/Project/datasets/trajectories/case3_StrivePolicy_trajdata/data.hdf5:scene-0790_ego_0_ctrl_[4]_0,real,,1.0329675674438477,1.0668472051620483,51.67861557006836,1.233994483947754,1.3993852138519287,61.39484405517578
15,/mnt/e/Project/datasets/trajectories/case3_StrivePolicy_trajdata/data.hdf5:scene-0790_ego_0_ctrl_[4]_0,unguided,0.1800268292427063,2.3627047538757324,5.455083847045898,117.99765014648438,1.3826872110366821,3.654909610748291,68.6226577758789
15,/mnt/e/Project/datasets/trajectories/case3_StrivePolicy_trajdata/data.hdf5:scene-0790_ego_0_ctrl_[4]_0,collision,0.1921404004096985,2.276752471923828,5.244020938873291,113.67041778564453,1.462299108505249,3.596406936645508,72.65630340576172
15,/mnt/e/Project/datasets/trajectories/case3_StrivePolicy_trajdata/data.hdf5:scene-0790_ego_0_ctrl_[4]_0,no_collision,0.17333060503005981,2.388446807861328,5.529076099395752,119.28948211669922,1.359006404876709,3.678788900375366,67.41409301757812
16,/mnt/e/Project/datasets/trajectories/case5_StrivePolicy_trajdata/data-002.hdf5:scene-0242_ego_0_ctrl_[3]_0,real,,1.0019023418426514,1.0667517185211182,50.159759521484375,0.0019925890956074,0.0033032370265573263,0.08115610480308533
16,/mnt/e/Project/datasets/trajectories/case5_StrivePolicy_trajdata/data-002.hdf5:scene-0242_ego_0_ctrl_[3]_0,unguided,0.2421102225780487,1.838681697845459,2.5043587684631348,90.8086166381836,0.21691739559173584,0.4872714877128601,6.3951945304870605
16,/mnt/e/Project/datasets/trajectories/case5_StrivePolicy_trajdata/data-002.hdf5:scene-0242_ego_0_ctrl_[3]_0,collision,0.2443995475769043,1.8271608352661133,2.474364995956421,90.25553131103516,0.22397729754447937,0.4798124134540558,7.05364990234375
16,/mnt/e/Project/datasets/trajectories/case5_StrivePolicy_trajdata/data-002.hdf5:scene-0242_ego_0_ctrl_[3]_0,no_collision,0.24114032089710236,1.8445510864257812,2.51981258392334,91.09091186523438,0.2138773798942566,0.49607232213020325,6.093952178955078
17,/mnt/e/Project/datasets/trajectories/case2_p5_StrivePolicy_trajdata/data.hdf5:scene-1048_ego_0_ctrl_[18]_0,real,,0.0,0.0,0.0,0.9070461988449097,0.9071499705314636,45.352333068847656
17,/mnt/e/Project/datasets/trajectories/case2_p5_StrivePolicy_trajdata/data.hdf5:scene-1048_ego_0_ctrl_[18]_0,unguided,0.14092515408992767,0.8486786484718323,1.9579734802246094,39.35072708129883,1.151785969734192,2.40274715423584,55.08387756347656
17,/mnt/e/Project/datasets/trajectories/case2_p5_StrivePolicy_trajdata/data.hdf5:scene-1048_ego_0_ctrl_[18]_0,collision,0.14484889805316925,0.7162020206451416,1.8050249814987183,32.46874237060547,1.1151025295257568,2.2978482246398926,52.893672943115234
17,/mnt/e/Project/datasets/trajectories/case2_p5_StrivePolicy_trajdata/data.hdf5:scene-1048_ego_0_ctrl_[18]_0,no_collision,0.1385270357131958,0.9175412058830261,2.016594648361206,42.87690734863281,1.1624432802200317,2.4541542530059814,55.80861282348633
18,/mnt/e/Project/datasets/trajectories/case2_StrivePolicy_trajdata/data.hdf5:scene-1018_ego_0_ctrl_[9]_0,real,,0.004910879302769899,0.0719553753733635,0.24011315405368805,0.26479846239089966,0.7536523938179016,13.500601768493652
18,/mnt/e/Project/datasets/trajectories/case2_StrivePolicy_trajdata/data.hdf5:scene-1018_ego_0_ctrl_[9]_0,unguided,0.09526531398296356,0.6349210143089294,2.732640027999878,28.98276138305664,0.5741071105003357,1.596710443496704,26.844385147094727
18,/mnt/e/Project/datasets/trajectories/case2_StrivePolicy_trajdata/data.hdf5:scene-1018_ego_0_ctrl_[9]_0,collision,0.10380852222442627,0.5651760697364807,2.632136821746826,25.226438522338867,0.5531774759292603,1.4789729118347168,25.827455520629883
18,/mnt/e/Project/datasets/trajectories/case2_StrivePolicy_trajdata/data.hdf5:scene-1018_ego_0_ctrl_[9]_0,no_collision,0.09097748249769211,0.6734417676925659,2.7878758907318115,30.96725082397461,0.5856761336326599,1.6576898097991943,27.403074264526367
19,/mnt/e/Project/datasets/trajectories/case2_StrivePolicy_trajdata/data.hdf5:scene-0945_ego_0_ctrl_[1]_0,real,,0.09329753369092941,0.39967453479766846,4.940373420715332,0.8564250469207764,0.9770358800888062,42.74888610839844
19,/mnt/e/Project/datasets/trajectories/case2_StrivePolicy_trajdata/data.hdf5:scene-0945_ego_0_ctrl_[1]_0,unguided,0.15323205292224884,0.685768723487854,1.022086501121521,32.404727935791016,0.6159798502922058,1.0802854299545288,28.582197189331055
19,/mnt/e/Project/datasets/trajectories/case2_StrivePolicy_trajdata/data.hdf5:scene-0945_ego_0_ctrl_[1]_0,collision,0.16779689490795135,0.4641636908054352,1.2133883237838745,20.318700790405273,0.704829216003418,1.1143978834152222,31.86564826965332
19,/mnt/e/Project/datasets/trajectories/case2_StrivePolicy_trajdata/data.hdf5:scene-0945_ego_0_ctrl_[1]_0,no_collision,0.12610425055027008,0.8158096075057983,1.0875681638717651,39.47297668457031,0.4708659052848816,0.9216408729553223,21.148662567138672
20,/mnt/e/Project/datasets/trajectories/case3_p7_StrivePolicy_trajdata/data.hdf5:scene-0043_ego_0_ctrl_[3]_0,real,,0.7503970265388489,1.0667963027954102,37.08535385131836,0.08997403085231781,0.18742534518241882,0.28209373354911804
20,/mnt/e/Project/datasets/trajectories/case3_p7_StrivePolicy_trajdata/data.hdf5:scene-0043_ego_0_ctrl_[3]_0,unguided,0.06959693133831024,0.6735366582870483,1.0376579761505127,32.364952087402344,0.18469811975955963,0.5752584934234619,8.411184310913086
20,/mnt/e/Project/datasets/trajectories/case3_p7_StrivePolicy_trajdata/data.hdf5:scene-0043_ego_0_ctrl_[3]_0,collision,0.06964927911758423,0.6653330326080322,1.0184730291366577,31.905139923095703,0.18414992094039917,0.5784963965415955,8.40567398071289
20,/mnt/e/Project/datasets/trajectories/case3_p7_StrivePolicy_trajdata/data.hdf5:scene-0043_ego_0_ctrl_[3]_0,no_collision,0.06956522911787033,0.6775765419006348,1.0470436811447144,32.589691162109375,0.18497271835803986,0.5736457705497742,8.414461135864258
21,/mnt/e/Project/datasets/trajectories/case1_p9_StrivePolicy_trajdata/data.hdf5:scene-0272_ego_0_ctrl_[3]_0,real,,0.6181944012641907,0.8100995421409607,31.067995071411133,0.4306269586086273,0.5862611532211304,21.426090240478516
21,/mnt/e/Project/datasets/trajectories/case1_p9_StrivePolicy_trajdata/data.hdf5:scene-0272_ego_0_ctrl_[3]_0,unguided,0.0829896330833435,1.5544021129608154,2.160034418106079,76.17057800292969,0.2463071644306183,1.001865267753601,10.686873435974121
21,/mnt/e/Project/datasets/trajectories/case1_p9_StrivePolicy_trajdata/data.hdf5:scene-0272_ego_0_ctrl_[3]_0,collision,0.10559935867786407,1.151375412940979,1.920438289642334,55.52699279785156,0.4435889720916748,1.5217360258102417,21.134397506713867
21,/mnt/e/Project/datasets/trajectories/case1_p9_StrivePolicy_trajdata/data.hdf5:scene-0272_ego_0_ctrl_[3]_0,no_collision,0.08282273262739182,1.6679154634475708,2.2759897708892822,81.84273529052734,0.21956117451190948,0.9072585701942444,8.686930656433105
22,/mnt/e/Project/datasets/trajectories/case3_StrivePolicy_trajdata/data.hdf5:scene-0130_ego_0_ctrl_[1]_0,real,,1.0410677194595337,1.0667701959609985,30.906478881835938,1.202359676361084,1.3119118213653564,59.719879150390625
22,/mnt/e/Project/datasets/trajectories/case3_StrivePolicy_trajdata/data.hdf5:scene-0130_ego_0_ctrl_[1]_0,unguided,0.07178754359483719,1.7712889909744263,2.8678512573242188,87.08866119384766,1.6943563222885132,3.0057549476623535,82.658447265625
22,/mnt/e/Project/datasets/trajectories/case3_StrivePolicy_trajdata/data.hdf5:scene-0130_ego_0_ctrl_[1]_0,collision,0.07190286368131638,1.755949854850769,2.85368013381958,86.30394744873047,1.6953738927841187,3.0036933422088623,82.74568939208984
22,/mnt/e/Project/datasets/trajectories/case3_StrivePolicy_trajdata/data.hdf5:scene-0130_ego_0_ctrl_[1]_0,no_collision,0.07173653692007065,1.7788158655166626,2.874878168106079,87.47261047363281,1.6939677000045776,3.006840467453003,82.6209716796875
23,/mnt/e/Project/datasets/trajectories/case2_StrivePolicy_trajdata/data.hdf5:scene-0102_ego_0_ctrl_[2]_0,real,,0.14534872770309448,0.6353471875190735,7.816977500915527,1.265337586402893,1.3590176105499268,63.159080505371094
23,/mnt/e/Project/datasets/trajectories/case2_StrivePolicy_trajdata/data.hdf5:scene-0102_ego_0_ctrl_[2]_0,unguided,0.17661486566066742,0.6316654682159424,0.8940945863723755,28.944021224975586,1.8457162380218506,2.9779250621795654,91.10353088378906
23,/mnt/e/Project/datasets/trajectories/case2_StrivePolicy_trajdata/data.hdf5:scene-0102_ego_0_ctrl_[2]_0,collision,0.20081350207328796,0.6841372847557068,0.9478491544723511,31.4377384185791,1.7708293199539185,2.865959882736206,87.41551971435547
23,/mnt/e/Project/datasets/trajectories/case2_StrivePolicy_trajdata/data.hdf5:scene-0102_ego_0_ctrl_[2]_0,no_collision,0.1708347648382187,0.6390039324760437,0.9174291491508484,29.65346336364746,1.874941110610962,3.0146968364715576,92.53827667236328
24,/mnt/e/Project/datasets/trajectories/case5_StrivePolicy_trajdata/data-002.hdf5:scene-0463_ego_0_ctrl_[3]_0,real,,0.9342527389526367,1.0667724609375,46.42526626586914,0.017273571342229843,0.0348382443189621,0.8816369771957397
24,/mnt/e/Project/datasets/trajectories/case5_StrivePolicy_trajdata/data-002.hdf5:scene-0463_ego_0_ctrl_[3]_0,unguided,0.3103092908859253,0.9268926382064819,1.3854498863220215,45.09449005126953,0.21757665276527405,0.3988649845123291,8.831271171569824
24,/mnt/e/Project/datasets/trajectories/case5_StrivePolicy_trajdata/data-002.hdf5:scene-0463_ego_0_ctrl_[3]_0,collision,0.3363977372646332,0.7177215218544006,1.1060835123062134,34.932899475097656,0.27557891607284546,0.5028119087219238,12.385648727416992
24,/mnt/e/Project/datasets/trajectories/case5_StrivePolicy_trajdata/data-002.hdf5:scene-0463_ego_0_ctrl_[3]_0,no_collision,0.31371328234672546,1.0297026634216309,1.5396530628204346,50.06354522705078,0.1947401911020279,0.391512006521225,7.219414710998535
25,/mnt/e/Project/datasets/trajectories/case5_StrivePolicy_trajdata/data-002.hdf5:scene-0315_ego_0_ctrl_[2]_0,real,,1.042181134223938,1.0667973756790161,52.073486328125,0.0018785070860758424,0.004152185283601284,0.09639716148376465
25,/mnt/e/Project/datasets/trajectories/case5_StrivePolicy_trajdata/data-002.hdf5:scene-0315_ego_0_ctrl_[2]_0,unguided,0.09756440669298172,1.3191415071487427,1.7654311656951904,64.98040771484375,0.23623989522457123,0.7794745564460754,10.412666320800781
25,/mnt/e/Project/datasets/trajectories/case5_StrivePolicy_trajdata/data-002.hdf5:scene-0315_ego_0_ctrl_[2]_0,collision,0.09962455183267593,1.252713918685913,1.6325165033340454,61.54007339477539,0.23383669555187225,0.8093017339706421,10.379190444946289
25,/mnt/e/Project/datasets/trajectories/case5_StrivePolicy_trajdata/data-002.hdf5:scene-0315_ego_0_ctrl_[2]_0,no_collision,0.0965597927570343,1.3513253927230835,1.8336927890777588,66.63084411621094,0.23966513574123383,0.7681043148040771,10.545494079589844
26,/mnt/e/Project/datasets/trajectories/case2_StrivePolicy_trajdata/data.hdf5:scene-1007_ego_0_ctrl_[7]_0,real,,0.0,0.0,0.0,0.08632150292396545,0.08633400499820709,4.316043853759766
26,/mnt/e/Project/datasets/trajectories/case2_StrivePolicy_trajdata/data.hdf5:scene-1007_ego_0_ctrl_[7]_0,unguided,0.30090659856796265,0.3870500326156616,1.217241644859314,13.612128257751465,0.4676181375980377,1.3968415260314941,20.59174919128418
26,/mnt/e/Project/datasets/trajectories/case2_StrivePolicy_trajdata/data.hdf5:scene-1007_ego_0_ctrl_[7]_0,collision,0.5969968438148499,0.3334472179412842,1.3372454643249512,8.572942733764648,0.39612314105033875,1.4456496238708496,16.505569458007812
26,/mnt/e/Project/datasets/trajectories/case2_StrivePolicy_trajdata/data.hdf5:scene-1007_ego_0_ctrl_[7]_0,no_collision,0.11772243678569794,0.5669422149658203,1.083034873008728,24.181289672851562,0.5620511174201965,1.3761835098266602,25.632652282714844
27,/mnt/e/Project/datasets/trajectories/case5_StrivePolicy_trajdata/data-001.hdf5:scene-0133_ego_0_ctrl_[4]_0,real,,0.0,0.0,0.0,0.04363587871193886,0.09276662766933441,2.2133145332336426
27,/mnt/e/Project/datasets/trajectories/case5_StrivePolicy_trajdata/data-001.hdf5:scene-0133_ego_0_ctrl_[4]_0,unguided,0.07863476127386093,0.5178638696670532,1.2455320358276367,25.564350128173828,0.5960118174552917,0.8060108423233032,29.364299774169922
27,/mnt/e/Project/datasets/trajectories/case5_StrivePolicy_trajdata/data-001.hdf5:scene-0133_ego_0_ctrl_[4]_0,collision,0.09311418235301971,0.6185480952262878,1.2678848505020142,30.232412338256836,0.5385146141052246,0.7328236103057861,26.55698585510254
27,/mnt/e/Project/datasets/trajectories/case5_StrivePolicy_trajdata/data-001.hdf5:scene-0133_ego_0_ctrl_[4]_0,no_collision,0.0769466757774353,0.4862489402294159,1.2405322790145874,24.338396072387695,0.6160327792167664,0.8383362293243408,30.337034225463867
28,/mnt/e/Project/datasets/trajectories/case4_StrivePolicy_trajdata/data-001.hdf5:scene-1062_ego_0_ctrl_[3]_0,real,,0.0,0.0,0.0,0.022634530439972878,0.07104450464248657,1.1815732717514038
28,/mnt/e/Project/datasets/trajectories/case4_StrivePolicy_trajdata/data-001.hdf5:scene-1062_ego_0_ctrl_[3]_0,unguided,0.37167176604270935,0.4551803469657898,0.8346577286720276,20.371110916137695,0.21946866810321808,1.4715803861618042,6.774605751037598
28,/mnt/e/Project/datasets/trajectories/case4_StrivePolicy_trajdata/data-001.hdf5:scene-1062_ego_0_ctrl_[3]_0,collision,0.37363311648368835,0.42455625534057617,0.8391864895820618,18.71398162841797,0.2247661054134369,1.524867296218872,7.195899486541748
28,/mnt/e/Project/datasets/trajectories/case4_StrivePolicy_trajdata/data-001.hdf5:scene-1062_ego_0_ctrl_[3]_0,no_collision,0.37095317244529724,0.46884018182754517,0.8587146401405334,21.108341217041016,0.21727313101291656,1.4481362104415894,6.591825485229492
29,/mnt/e/Project/datasets/trajectories/case4_StrivePolicy_trajdata/data-001.hdf5:scene-0304_ego_0_ctrl_[6]_0,real,,0.9839393496513367,1.066791296005249,48.84199905395508,1.0309969186782837,1.1594152450561523,51.118141174316406
29,/mnt/e/Project/datasets/trajectories/case4_StrivePolicy_trajdata/data-001.hdf5:scene-0304_ego_0_ctrl_[6]_0,unguided,0.1860232651233673,1.1010074615478516,1.4911532402038574,54.48068618774414,0.8100529313087463,1.3209755420684814,39.353580474853516
29,/mnt/e/Project/datasets/trajectories/case4_StrivePolicy_trajdata/data-001.hdf5:scene-0304_ego_0_ctrl_[6]_0,collision,0.2533982992172241,1.0016571283340454,1.4448870420455933,49.60007858276367,0.8437371253967285,1.3408942222595215,41.385009765625
29,/mnt/e/Project/datasets/trajectories/case4_StrivePolicy_trajdata/data-001.hdf5:scene-0304_ego_0_ctrl_[6]_0,no_collision,0.16355173289775848,1.1516534090042114,1.517067313194275,56.963436126708984,0.7945345640182495,1.3110597133636475,38.384788513183594
30,/mnt/e/Project/datasets/trajectories/case3_StrivePolicy_trajdata/data.hdf5:scene-0505_ego_0_ctrl_[11]_0,real,,1.0367177724838257,1.066771388053894,51.865787506103516,0.6852248311042786,0.8242587447166443,34.40177536010742
30,/mnt/e/Project/datasets/trajectories/case3_StrivePolicy_trajdata/data.hdf5:scene-0505_ego_0_ctrl_[11]_0,unguided,0.1511979103088379,1.558731198310852,2.122408151626587,77.55770111083984,0.9593009352684021,1.464354395866394,47.63144302368164
30,/mnt/e/Project/datasets/trajectories/case3_StrivePolicy_trajdata/data.hdf5:scene-0505_ego_0_ctrl_[11]_0,collision,0.1630198210477829,1.4732258319854736,1.9556329250335693,72.84554290771484,0.9818632006645203,1.4744203090667725,48.706626892089844
30,/mnt/e/Project/datasets/trajectories/case3_StrivePolicy_trajdata/data.hdf5:scene-0505_ego_0_ctrl_[11]_0,no_collision,0.14820963144302368,1.6015878915786743,2.202357530593872,79.70003509521484,0.9454355239868164,1.4557933807373047,46.956443786621094
31,/mnt/e/Project/datasets/trajectories/case3_StrivePolicy_trajdata/data.hdf5:scene-0563_ego_0_ctrl_[5]_0,real,,0.0,0.0,0.0,0.026536470279097557,0.05508063733577728,1.3150699138641357
31,/mnt/e/Project/datasets/trajectories/case3_StrivePolicy_trajdata/data.hdf5:scene-0563_ego_0_ctrl_[5]_0,unguided,0.6391538381576538,0.2500622868537903,1.6748017072677612,8.73232364654541,0.15076257288455963,1.037468671798706,5.703556060791016
31,/mnt/e/Project/datasets/trajectories/case3_StrivePolicy_trajdata/data.hdf5:scene-0563_ego_0_ctrl_[5]_0,collision,0.7431895732879639,0.3358413577079773,2.1458680629730225,14.95906925201416,0.13158464431762695,1.0981953144073486,4.177788734436035
31,/mnt/e/Project/datasets/trajectories/case3_StrivePolicy_trajdata/data.hdf5:scene-0563_ego_0_ctrl_[5]_0,no_collision,0.24535411596298218,0.24370166659355164,1.0697319507598877,8.097427368164062,0.21610039472579956,1.0519663095474243,9.480907440185547
